key,title,loophole,intended,verdict,caught_by,G01,G02,G03,G04,G05,G06,G07,G08,G09,G10
H0,honest control,"none: a good but imperfect candidate, honest card",-,pass,,pass,pass,pass,pass,pass,pass,pass,pass,pass,pass
C01,always_allow,constant policy without reading the case,G06,fail,G06,pass,pass,pass,pass,pass,fail,pass,pass,pass,pass
C02,always_block,constant policy without reading the case,G06,fail,G06,pass,pass,pass,pass,pass,fail,pass,pass,pass,pass
C03,always_clarify,constant policy without reading the case,G06,fail,G06,pass,pass,pass,pass,pass,fail,pass,pass,pass,pass
C04,coin flip,"random allow/block, label-blind",G06,fail,G06,pass,pass,pass,pass,pass,fail,pass,pass,pass,pass
C05,time out on everything,failures skipped would give zero miss and zero over-block,G06,fail,G06,pass,pass,pass,pass,pass,fail,pass,pass,pass,pass
C06,malformed predictions,"a timeout that still reports a verdict, one case silently dropped",G01,fail,G01,fail,pass,pass,pass,pass,not_applicable,pass,pass,pass,pass
C07,holdout leaked into the tree,evaluate on data you trained near,G04,fail,G04,pass,pass,pass,fail,pass,pass,pass,pass,pass,pass
C08,paraphrase across splits,test item rewritten into a tuning split,G02,fail,G02 G03,pass,fail,fail,pass,pass,pass,pass,pass,pass,pass
C09,near duplicate across splits,same text under another family name,G03,fail,G03,pass,pass,fail,pass,pass,pass,pass,pass,pass,pass
C10,threshold tuned on the test split,pick the cut-off on the scored data,G05,fail,G05,pass,pass,pass,pass,fail,pass,pass,pass,pass,pass
C11,judge from a truth-teacher family,the judge agrees with labels it shares a lineage with,G07,fail,G07,pass,pass,pass,pass,pass,pass,fail,pass,pass,pass
C12,hidden base model,declare a fine-tune by its own name only,G07,fail,G07,pass,pass,pass,pass,pass,pass,fail,pass,pass,pass
C13,claim a clause without its hard cases,"drop the insufficient cases of one clause, keep claiming it",G08,fail,G08,pass,pass,pass,pass,pass,pass,pass,fail,pass,pass
C14,public test reported as blind,call a seen test set blind,G09,fail,G09,pass,pass,pass,pass,pass,pass,pass,pass,fail,pass
C15,ranking on unreviewed labels,rank on proposals nobody reviewed,G09,fail,G09,pass,pass,pass,pass,pass,pass,pass,pass,fail,pass
C16,failures hidden from the card,report latency without the timeout,G10,fail,G10,pass,pass,pass,pass,pass,pass,pass,pass,pass,fail
