clause_id,in_ontology,source_doc,gov01,lit01_axes,note
PoL.1.1,yes,1. 爱2、恨2、爱2证明、恨2证明、富爱文明.md,,,
PoL.1.2,yes,1. 爱2、恨2、爱2证明、恨2证明、富爱文明.md,,,
PoL.1.3,yes,1. 爱2、恨2、爱2证明、恨2证明、富爱文明.md,,,
PoL.1.4,yes,1. 爱2、恨2、爱2证明、恨2证明、富爱文明.md,,,
PoL.1.5,yes,1. 爱2、恨2、爱2证明、恨2证明、富爱文明.md,,,
PoL.2.1,yes,2. 爱语.md,,,
PoL.2.2,yes,2. 爱语.md,,,
PoL.2.3,yes,2. 爱语.md,,,
PoL.2.4,yes,2. 爱语.md,,,
PoL.2.5,yes,2. 爱语.md,,,
PoL.2.6,yes,2. 爱语.md,,,
PoL.2.7,yes,2. 爱语.md,,,
PoL.2.8,yes,2. 爱语.md,,,
PoL.2.9,yes,2. 爱语.md,,,
PoL.2.10,yes,2. 爱语.md,,,
PoL.2.11,yes,2. 爱语.md,,,
PoL.2.12,yes,2. 爱语.md,,,
PoL.2.13,yes,2. 爱语.md,,,
PoL.2.14,yes,2. 爱语.md,,,
PoL.2.15,yes,2. 爱语.md,,,
PoL.2.16,yes,2. 爱语.md,,,
PoL.5.4,yes,5. AI和人类文明的治理：从恨2证明到爱2证明.md,,,
PoL.5.4.1,yes,5. AI和人类文明的治理：从恨2证明到爱2证明.md,,A1 安全阀：发现问题; A2 安全阀：自身的可攻破性,LIT-01 按小节标题匹配（其引用为改章节号前的编号），待核
PoL.5.6,yes,5. AI和人类文明的治理：从恨2证明到爱2证明.md,,,
EAP.4.1,yes,4. PoL2之伦理对齐协议.md,,,
EAP.4.2,yes,4. PoL2之伦理对齐协议.md,,,
EAP.4.3,yes,4. PoL2之伦理对齐协议.md,,,
EAP.4.3.1,yes,4. PoL2之伦理对齐协议.md,§1 平等联结（EAP 4.3.1）,A3 语义判断的公平性,GOV-01 原文写明条款号；LIT-01 按小节标题匹配（其引用为改章节号前的编号），待核
EAP.4.3.2,yes,4. PoL2之伦理对齐协议.md,§3 扬爱抑恨（EAP 4.3.2）,"A3 语义判断的公平性; A4 诚实：校准与""不知道""",GOV-01 原文写明条款号；LIT-01 按小节标题匹配（其引用为改章节号前的编号），待核
EAP.4.3.3,yes,4. PoL2之伦理对齐协议.md,§2 PAI 实现平等联结的核心要求（EAP 4.3.3）,,GOV-01 原文写明条款号
EAP.4.3.3.1,yes,4. PoL2之伦理对齐协议.md,,"A2 安全阀：自身的可攻破性; A4 诚实：校准与""不知道""",LIT-01 按小节标题匹配（其引用为改章节号前的编号），待核
EAP.4.3.3.2,yes,4. PoL2之伦理对齐协议.md,,,
EAP.4.3.3.3,yes,4. PoL2之伦理对齐协议.md,,A3 语义判断的公平性,LIT-01 按小节标题匹配（其引用为改章节号前的编号），待核
ENG.1,yes,PoL共识的工程策略.md,,,
,no,7. 人类公共福利的治理协议.md · 第七章第 2 条 自主决策,§4 与 E7,A7 公共事务规模的判断与模拟,本体未登记第七章，见 rulings/OPEN.md N-01
,no,7. 人类公共福利的治理协议.md · 第七章第 4 条 公开透明,§4,A5 可验证决策链路与解释义务,本体未登记第七章，见 rulings/OPEN.md N-01
,no,7. 人类公共福利的治理协议.md · 第七章第 5 条 可验证决策链路,§4,A5 可验证决策链路与解释义务,本体未登记第七章，见 rulings/OPEN.md N-01
,no,7. 人类公共福利的治理协议.md · 第七章第 9 条 质询权、解释义务、人类监督,§4,A5 可验证决策链路与解释义务; A6 人类监督与争议裁决,本体未登记第七章，见 rulings/OPEN.md N-01
,no,7. 人类公共福利的治理协议.md · 第七章第 10 条 争议裁决,§4,A6 人类监督与争议裁决,本体未登记第七章，见 rulings/OPEN.md N-01
,no,7. 人类公共福利的治理协议.md · 第七章第 11.5 条 修订版本永久存档,§4（❓ 尚未实现）,,本体未登记第七章，见 rulings/OPEN.md N-01
